player_id,player_name,team,position,birth_date,height_cm,weight_kg,attack_reach_cm,season,profile_url
1579,Mateusz Bieniek,Aluron CMC Warta Zawiercie,Środkowy,1994-04-05,208,98,351,2025/2026,https://www.tauronliga.pl/players/id/1579/nocookies/1/section/playersByTeam/tour/52.html
270,Bartłomiej Bołądź,Aluron CMC Warta Zawiercie,Atakujący,1994-09-28,205,101,360,2025/2026,https://www.tauronliga.pl/players/id/270/nocookies/1/section/playersByTeam/tour/52.html
2868,Piotr Bursztyka,Aluron CMC Warta Zawiercie,Przyjmujący,2008-08-19,182,77,300,2025/2026,https://www.tauronliga.pl/players/id/2868/nocookies/1/section/playersByTeam/tour/52.html
786,Jakub Czerwiński,Aluron CMC Warta Zawiercie,Przyjmujący,2001-07-22,195,93,341,2025/2026,https://www.tauronliga.pl/players/id/786/nocookies/1/section/playersByTeam/tour/52.html
2533,Kyle Ensing,Aluron CMC Warta Zawiercie,Atakujący,1997-03-06,201,100,366,2025/2026,https://www.tauronliga.pl/players/id/2533/nocookies/1/section/playersByTeam/tour/52.html
982,Jurij Gladyr,Aluron CMC Warta Zawiercie,Środkowy,1984-07-08,202,96,360,2025/2026,https://www.tauronliga.pl/players/id/982/nocookies/1/section/playersByTeam/tour/52.html
314,Bartosz Kwolek,Aluron CMC Warta Zawiercie,Przyjmujący,1997-07-17,193,90,343,2025/2026,https://www.tauronliga.pl/players/id/314/nocookies/1/section/playersByTeam/tour/52.html
1908,Patryk Łaba,Aluron CMC Warta Zawiercie,Przyjmujący,1991-07-30,188,90,350,2025/2026,https://www.tauronliga.pl/players/id/1908/nocookies/1/section/playersByTeam/tour/52.html
35,Adrian Markiewicz,Aluron CMC Warta Zawiercie,Środkowy,2002-04-12,213,115,360,2025/2026,https://www.tauronliga.pl/players/id/35/nocookies/1/section/playersByTeam/tour/52.html
821,Jakub Nowosielski,Aluron CMC Warta Zawiercie,Rozgrywający,1993-02-11,193,86,330,2025/2026,https://www.tauronliga.pl/players/id/821/nocookies/1/section/playersByTeam/tour/52.html
478,Dawid Ogórek,Aluron CMC Warta Zawiercie,Libero,1990-07-30,184,80,343,2025/2026,https://www.tauronliga.pl/players/id/478/nocookies/1/section/playersByTeam/tour/52.html
825,Jakub Popiwczak,Aluron CMC Warta Zawiercie,Libero,1996-04-17,180,78,320,2025/2026,https://www.tauronliga.pl/players/id/825/nocookies/1/section/playersByTeam/tour/52.html
2532,Aaron Russell,Aluron CMC Warta Zawiercie,Przyjmujący,1993-06-04,205,95,356,2025/2026,https://www.tauronliga.pl/players/id/2532/nocookies/1/section/playersByTeam/tour/52.html
1728,Miguel Tavares Rodrigues,Aluron CMC Warta Zawiercie,Rozgrywający,1993-03-02,192,70,315,2025/2026,https://www.tauronliga.pl/players/id/1728/nocookies/1/section/playersByTeam/tour/52.html
1760,Miłosz Zniszczoł,Aluron CMC Warta Zawiercie,Środkowy,1986-07-02,201,100,345,2025/2026,https://www.tauronliga.pl/players/id/1760/nocookies/1/section/playersByTeam/tour/52.html
780,Jakub Bucki,Asseco Resovia Rzeszów,Atakujący,1988-08-13,197,94,343,2025/2026,https://www.tauronliga.pl/players/id/780/nocookies/1/section/playersByTeam/tour/52.html
1071,Karol Butryn,Asseco Resovia Rzeszów,Atakujący,1993-06-18,193,103,330,2025/2026,https://www.tauronliga.pl/players/id/1071/nocookies/1/section/playersByTeam/tour/52.html
1179,Klemen Čebulj,Asseco Resovia Rzeszów,Przyjmujący,1992-02-21,203,97,374,2025/2026,https://www.tauronliga.pl/players/id/1179/nocookies/1/section/playersByTeam/tour/52.html
2836,Danny Demyanenko,Asseco Resovia Rzeszów,Środkowy,1994-07-13,197,99,355,2025/2026,https://www.tauronliga.pl/players/id/2836/nocookies/1/section/playersByTeam/tour/52.html
338,Beau Graham,Asseco Resovia Rzeszów,Środkowy,1994-04-17,205,95,360,2025/2026,https://www.tauronliga.pl/players/id/338/nocookies/1/section/playersByTeam/tour/52.html
1443,Marcin Janusz,Asseco Resovia Rzeszów,Rozgrywający,1994-07-31,195,92,345,2025/2026,https://www.tauronliga.pl/players/id/1443/nocookies/1/section/playersByTeam/tour/52.html
2863,Igor Józefacki,Asseco Resovia Rzeszów,Przyjmujący,2007-08-22,200,90,350,2025/2026,https://www.tauronliga.pl/players/id/2863/nocookies/1/section/playersByTeam/tour/52.html
2433,Yacine Louati,Asseco Resovia Rzeszów,Przyjmujący,1992-03-04,198,97,345,2025/2026,https://www.tauronliga.pl/players/id/2433/nocookies/1/section/playersByTeam/tour/52.html
2861,Maksymilian Łysoń,Asseco Resovia Rzeszów,Atakujący,2007-03-30,200,80,355,2025/2026,https://www.tauronliga.pl/players/id/2861/nocookies/1/section/playersByTeam/tour/52.html
2385,Wiktor Nowak,Asseco Resovia Rzeszów,Rozgrywający,1999-05-21,186,84,320,2025/2026,https://www.tauronliga.pl/players/id/2385/nocookies/1/section/playersByTeam/tour/52.html
1612,Mateusz Poręba,Asseco Resovia Rzeszów,Środkowy,1999-08-24,204,102,360,2025/2026,https://www.tauronliga.pl/players/id/1612/nocookies/1/section/playersByTeam/tour/52.html
1707,Michał Potera,Asseco Resovia Rzeszów,Libero,1988-03-06,183,77,319,2025/2026,https://www.tauronliga.pl/players/id/1707/nocookies/1/section/playersByTeam/tour/52.html
382,Cezary Sapiński,Asseco Resovia Rzeszów,Środkowy,1994-09-28,203,105,350,2025/2026,https://www.tauronliga.pl/players/id/382/nocookies/1/section/playersByTeam/tour/52.html
574,Erik Shoji,Asseco Resovia Rzeszów,Libero,1989-08-24,183,74,330,2025/2026,https://www.tauronliga.pl/players/id/574/nocookies/1/section/playersByTeam/tour/52.html
2862,Piotr Skórski,Asseco Resovia Rzeszów,Rozgrywający,2007-07-24,190,80,335,2025/2026,https://www.tauronliga.pl/players/id/2862/nocookies/1/section/playersByTeam/tour/52.html
253,Artur Szalpuk,Asseco Resovia Rzeszów,Przyjmujący,1995-03-20,201,98,350,2025/2026,https://www.tauronliga.pl/players/id/253/nocookies/1/section/playersByTeam/tour/52.html
1274,Lukas Vasina,Asseco Resovia Rzeszów,Przyjmujący,1999-07-06,196,96,350,2025/2026,https://www.tauronliga.pl/players/id/1274/nocookies/1/section/playersByTeam/tour/52.html
487,Dawid Woch,Asseco Resovia Rzeszów,Środkowy,1997-05-16,200,90,350,2025/2026,https://www.tauronliga.pl/players/id/487/nocookies/1/section/playersByTeam/tour/52.html
1977,Paweł Zatorski,Asseco Resovia Rzeszów,Libero,1990-06-21,184,73,328,2025/2026,https://www.tauronliga.pl/players/id/1977/nocookies/1/section/playersByTeam/tour/52.html
980,Julius Firkal,Barkom Każany Lwów,Przyjmujący,1998-01-14,197,90,355,2025/2026,https://www.tauronliga.pl/players/id/980/nocookies/1/section/playersByTeam/tour/52.html
1786,Moussé Gueye,Barkom Każany Lwów,Środkowy,1996-11-11,198,78,365,2025/2026,https://www.tauronliga.pl/players/id/1786/nocookies/1/section/playersByTeam/tour/52.html
1272,Lukas Kampa,Barkom Każany Lwów,Rozgrywający,1986-11-29,195,90,340,2025/2026,https://www.tauronliga.pl/players/id/1272/nocookies/1/section/playersByTeam/tour/52.html
741,Ilia Kovalov,Barkom Każany Lwów,Przyjmujący,1996-08-31,198,86,355,2025/2026,https://www.tauronliga.pl/players/id/741/nocookies/1/section/playersByTeam/tour/52.html
2517,Mykola Kuts,Barkom Każany Lwów,Środkowy,2006-05-17,208,106,350,2025/2026,https://www.tauronliga.pl/players/id/2517/nocookies/1/section/playersByTeam/tour/52.html
2838,Yamato Nakano,Barkom Każany Lwów,Rozgrywający,1999-10-02,179,78,320,2025/2026,https://www.tauronliga.pl/players/id/2838/nocookies/1/section/playersByTeam/tour/52.html
2436,Yaroslav Pampushko,Barkom Każany Lwów,Libero,2001-11-11,178,70,310,2025/2026,https://www.tauronliga.pl/players/id/2436/nocookies/1/section/playersByTeam/tour/52.html
2536,Lorenzo Pope,Barkom Każany Lwów,Przyjmujący,2001-12-06,205,80,355,2025/2026,https://www.tauronliga.pl/players/id/2536/nocookies/1/section/playersByTeam/tour/52.html
2519,Andrii Rohozhyn,Barkom Każany Lwów,Środkowy,1997-07-13,203,95,345,2025/2026,https://www.tauronliga.pl/players/id/2519/nocookies/1/section/playersByTeam/tour/52.html
2359,Vladyslav Shchurov,Barkom Każany Lwów,Środkowy,2001-04-27,208,90,360,2025/2026,https://www.tauronliga.pl/players/id/2359/nocookies/1/section/playersByTeam/tour/52.html
1855,Oleh Shevchenko,Barkom Każany Lwów,Przyjmujący,1993-01-08,194,95,330,2025/2026,https://www.tauronliga.pl/players/id/1855/nocookies/1/section/playersByTeam/tour/52.html
2337,Vasyl Tupchii,Barkom Każany Lwów,Atakujący,1992-01-13,196,90,330,2025/2026,https://www.tauronliga.pl/players/id/2337/nocookies/1/section/playersByTeam/tour/52.html
2837,Dmytro Viietskyi,Barkom Każany Lwów,Atakujący,1998-02-19,202,100,330,2025/2026,https://www.tauronliga.pl/players/id/2837/nocookies/1/section/playersByTeam/tour/52.html
2583,Oskar Woźny,Barkom Każany Lwów,Libero,2005-04-26,180,77,320,2025/2026,https://www.tauronliga.pl/players/id/2583/nocookies/1/section/playersByTeam/tour/52.html
1319,Maciej Czyrek,BOGDANKA LUK Lublin,Libero,2000-12-17,183,79,315,2025/2026,https://www.tauronliga.pl/players/id/1319/nocookies/1/section/playersByTeam/tour/52.html
2479,Aleks Grozdanov,BOGDANKA LUK Lublin,Środkowy,1998-03-28,206,94,360,2025/2026,https://www.tauronliga.pl/players/id/2479/nocookies/1/section/playersByTeam/tour/52.html
2839,Daenan Gyimah,BOGDANKA LUK Lublin,Środkowy,1998-01-15,203,96,380,2025/2026,https://www.tauronliga.pl/players/id/2839/nocookies/1/section/playersByTeam/tour/52.html
2840,Hilir Henno,BOGDANKA LUK Lublin,Przyjmujący,2003-09-12,203,88,365,2025/2026,https://www.tauronliga.pl/players/id/2840/nocookies/1/section/playersByTeam/tour/52.html
2260,Thales Hoss,BOGDANKA LUK Lublin,Libero,1989-04-26,190,80,315,2025/2026,https://www.tauronliga.pl/players/id/2260/nocookies/1/section/playersByTeam/tour/52.html
1453,Marcin Komenda,BOGDANKA LUK Lublin,Rozgrywający,1996-05-24,198,92,345,2025/2026,https://www.tauronliga.pl/players/id/1453/nocookies/1/section/playersByTeam/tour/52.html
2480,Wilfredo Leon Venero,BOGDANKA LUK Lublin,Przyjmujący,1993-07-31,201,96,365,2025/2026,https://www.tauronliga.pl/players/id/2480/nocookies/1/section/playersByTeam/tour/52.html
1603,Mateusz Malinowski,BOGDANKA LUK Lublin,Atakujący,1992-05-06,197,99,349,2025/2026,https://www.tauronliga.pl/players/id/1603/nocookies/1/section/playersByTeam/tour/52.html
2482,Fynnian McCarthy,BOGDANKA LUK Lublin,Środkowy,1999-12-04,200,101,360,2025/2026,https://www.tauronliga.pl/players/id/2482/nocookies/1/section/playersByTeam/tour/52.html
2080,Rafał Prokopczuk,BOGDANKA LUK Lublin,Rozgrywający,1999-03-23,188,93,330,2025/2026,https://www.tauronliga.pl/players/id/2080/nocookies/1/section/playersByTeam/tour/52.html
1150,Kewin Sasak,BOGDANKA LUK Lublin,Atakujący,1997-02-20,208,106,355,2025/2026,https://www.tauronliga.pl/players/id/1150/nocookies/1/section/playersByTeam/tour/52.html
1740,Mikołaj Sawicki,BOGDANKA LUK Lublin,Przyjmujący,1999-11-23,198,115,352,2025/2026,https://www.tauronliga.pl/players/id/1740/nocookies/1/section/playersByTeam/tour/52.html
842,Jakub Wachnik,BOGDANKA LUK Lublin,Przyjmujący,1993-02-16,202,109,349,2025/2026,https://www.tauronliga.pl/players/id/842/nocookies/1/section/playersByTeam/tour/52.html
2860,Jackson Young,BOGDANKA LUK Lublin,Przyjmujący,2001-07-29,195,88,355,2025/2026,https://www.tauronliga.pl/players/id/2860/nocookies/1/section/playersByTeam/tour/52.html
1354,Maciej Zając,BOGDANKA LUK Lublin,Środkowy,2003-03-05,198,100,345,2025/2026,https://www.tauronliga.pl/players/id/1354/nocookies/1/section/playersByTeam/tour/52.html
1026,Kamil Dembiec,Cuprum Stilon Gorzów,Libero,1992-02-07,180,73,315,2025/2026,https://www.tauronliga.pl/players/id/1026/nocookies/1/section/playersByTeam/tour/52.html
426,Daniel Gąsior,Cuprum Stilon Gorzów,Atakujący,1995-01-09,200,93,340,2025/2026,https://www.tauronliga.pl/players/id/426/nocookies/1/section/playersByTeam/tour/52.html
2231,Szymon Gregorowicz,Cuprum Stilon Gorzów,Libero,1994-03-07,183,77,325,2025/2026,https://www.tauronliga.pl/players/id/2231/nocookies/1/section/playersByTeam/tour/52.html
2846,Mathis Henno,Cuprum Stilon Gorzów,Przyjmujący,2005-02-25,196,85,345,2025/2026,https://www.tauronliga.pl/players/id/2846/nocookies/1/section/playersByTeam/tour/52.html
1446,Marcin Kania,Cuprum Stilon Gorzów,Środkowy,1996-02-14,203,84,352,2025/2026,https://www.tauronliga.pl/players/id/1446/nocookies/1/section/playersByTeam/tour/52.html
1039,Kamil Kwasowski,Cuprum Stilon Gorzów,Przyjmujący,1990-09-13,199,85,345,2025/2026,https://www.tauronliga.pl/players/id/1039/nocookies/1/section/playersByTeam/tour/52.html
1602,Mateusz Maciejewicz,Cuprum Stilon Gorzów,Rozgrywający,2002-03-12,180,79,338,2025/2026,https://www.tauronliga.pl/players/id/1602/nocookies/1/section/playersByTeam/tour/52.html
2527,Chizoba Eduardo Neves Atu,Cuprum Stilon Gorzów,Atakujący,1997-07-25,200,104,360,2025/2026,https://www.tauronliga.pl/players/id/2527/nocookies/1/section/playersByTeam/tour/52.html
1911,Patryk Niemiec,Cuprum Stilon Gorzów,Środkowy,1997-02-18,202,89,350,2025/2026,https://www.tauronliga.pl/players/id/1911/nocookies/1/section/playersByTeam/tour/52.html
1229,Krzysztof Rejno,Cuprum Stilon Gorzów,Środkowy,1993-02-22,203,83,350,2025/2026,https://www.tauronliga.pl/players/id/1229/nocookies/1/section/playersByTeam/tour/52.html
2031,Pontes Veloso Thiago,Cuprum Stilon Gorzów,Rozgrywający,1993-08-15,185,80,313,2025/2026,https://www.tauronliga.pl/players/id/2031/nocookies/1/section/playersByTeam/tour/52.html
1470,Marcin Waliński,Cuprum Stilon Gorzów,Przyjmujący,1990-10-24,194,100,330,2025/2026,https://www.tauronliga.pl/players/id/1470/nocookies/1/section/playersByTeam/tour/52.html
717,Hubert Węgrzyn,Cuprum Stilon Gorzów,Środkowy,2000-01-06,200,92,348,2025/2026,https://www.tauronliga.pl/players/id/717/nocookies/1/section/playersByTeam/tour/52.html
2473,Wojciech Więcławski,Cuprum Stilon Gorzów,Przyjmujący,2005-04-17,194,86,350,2025/2026,https://www.tauronliga.pl/players/id/2473/nocookies/1/section/playersByTeam/tour/52.html
2271,Tobias Christian Brand,Energa Trefl Gdańsk,Przyjmujący,1998-07-09,195,90,350,2025/2026,https://www.tauronliga.pl/players/id/2271/nocookies/1/section/playersByTeam/tour/52.html
2825,Maksymilian Durski,Energa Trefl Gdańsk,Przyjmujący,2007-03-05,188,87,350,2025/2026,https://www.tauronliga.pl/players/id/2825/nocookies/1/section/playersByTeam/tour/52.html
618,Filip Falkowski,Energa Trefl Gdańsk,Rozgrywający,2007-09-13,197,83,331,2025/2026,https://www.tauronliga.pl/players/id/618/nocookies/1/section/playersByTeam/tour/52.html
2832,Marcel Kiciński,Energa Trefl Gdańsk,Atakujący,2007-03-20,202,86,346,2025/2026,https://www.tauronliga.pl/players/id/2832/nocookies/1/section/playersByTeam/tour/52.html
408,Damian Kogut,Energa Trefl Gdańsk,Przyjmujący,1997-01-03,192,88,345,2025/2026,https://www.tauronliga.pl/players/id/408/nocookies/1/section/playersByTeam/tour/52.html
2827,Maciej Korona,Energa Trefl Gdańsk,Przyjmujący,2008-04-08,198,92,342,2025/2026,https://www.tauronliga.pl/players/id/2827/nocookies/1/section/playersByTeam/tour/52.html
2360,Voitto Köykkä,Energa Trefl Gdańsk,Libero,1999-07-09,179,73,,2025/2026,https://www.tauronliga.pl/players/id/2360/nocookies/1/section/playersByTeam/tour/52.html
1787,Moustapha M'Baye,Energa Trefl Gdańsk,Środkowy,1992-09-18,198,92,360,2025/2026,https://www.tauronliga.pl/players/id/1787/nocookies/1/section/playersByTeam/tour/52.html
604,Fabian Majcherski,Energa Trefl Gdańsk,Libero,1997-03-28,172,79,1,2025/2026,https://www.tauronliga.pl/players/id/604/nocookies/1/section/playersByTeam/tour/52.html
137,Aliaksei Nasevich,Energa Trefl Gdańsk,Atakujący,2003-06-05,199,95,350,2025/2026,https://www.tauronliga.pl/players/id/137/nocookies/1/section/playersByTeam/tour/52.html
2014,Piotr Nowakowski,Energa Trefl Gdańsk,Środkowy,1987-12-18,205,101,360,2025/2026,https://www.tauronliga.pl/players/id/2014/nocookies/1/section/playersByTeam/tour/52.html
2831,Igor Nurkiewicz,Energa Trefl Gdańsk,Środkowy,2007-06-09,,,,2025/2026,https://www.tauronliga.pl/players/id/2831/nocookies/1/section/playersByTeam/tour/52.html
2015,Piotr Orczyk,Energa Trefl Gdańsk,Przyjmujący,1993-03-19,190,98,337,2025/2026,https://www.tauronliga.pl/players/id/2015/nocookies/1/section/playersByTeam/tour/52.html
1964,Paweł Pietraszko,Energa Trefl Gdańsk,Środkowy,1990-10-05,201,96,352,2025/2026,https://www.tauronliga.pl/players/id/1964/nocookies/1/section/playersByTeam/tour/52.html
1516,Mariusz Schamlewski,Energa Trefl Gdańsk,Środkowy,1991-01-16,198,98,350,2025/2026,https://www.tauronliga.pl/players/id/1516/nocookies/1/section/playersByTeam/tour/52.html
413,Damian Schulz,Energa Trefl Gdańsk,Atakujący,1990-02-26,208,95,355,2025/2026,https://www.tauronliga.pl/players/id/413/nocookies/1/section/playersByTeam/tour/52.html
2082,Rafał Sobański,Energa Trefl Gdańsk,Przyjmujący,1991-08-10,195,93,350,2025/2026,https://www.tauronliga.pl/players/id/2082/nocookies/1/section/playersByTeam/tour/52.html
2041,Przemysław Stępień,Energa Trefl Gdańsk,Rozgrywający,1994-02-07,185,80,333,2025/2026,https://www.tauronliga.pl/players/id/2041/nocookies/1/section/playersByTeam/tour/52.html
2842,Joe Worsley,Energa Trefl Gdańsk,Rozgrywający,1997-06-16,185,86,321,2025/2026,https://www.tauronliga.pl/players/id/2842/nocookies/1/section/playersByTeam/tour/52.html
1069,Karol Borkowski,Indykpol AZS Olsztyn,Przyjmujący,1998-02-14,195,85,350,2025/2026,https://www.tauronliga.pl/players/id/1069/nocookies/1/section/playersByTeam/tour/52.html
1951,Paweł Cieślik,Indykpol AZS Olsztyn,Środkowy,2000-03-18,197,90,360,2025/2026,https://www.tauronliga.pl/players/id/1951/nocookies/1/section/playersByTeam/tour/52.html
785,Jakub Ciunajtis,Indykpol AZS Olsztyn,Libero,1998-08-06,180,79,320,2025/2026,https://www.tauronliga.pl/players/id/785/nocookies/1/section/playersByTeam/tour/52.html
858,Jan Hadrava,Indykpol AZS Olsztyn,Atakujący,1991-06-03,199,103,357,2025/2026,https://www.tauronliga.pl/players/id/858/nocookies/1/section/playersByTeam/tour/52.html
1954,Paweł Halaba,Indykpol AZS Olsztyn,Przyjmujący,1995-12-14,195,84,346,2025/2026,https://www.tauronliga.pl/players/id/1954/nocookies/1/section/playersByTeam/tour/52.html
1239,Kuba Hawryluk,Indykpol AZS Olsztyn,Libero,2003-09-08,181,92,313,2025/2026,https://www.tauronliga.pl/players/id/1239/nocookies/1/section/playersByTeam/tour/52.html
1589,Mateusz Janikowski,Indykpol AZS Olsztyn,Przyjmujący,1999-05-05,200,101,337,2025/2026,https://www.tauronliga.pl/players/id/1589/nocookies/1/section/playersByTeam/tour/52.html
1784,Moritz Karlitzek,Indykpol AZS Olsztyn,Przyjmujący,1996-08-12,191,97,350,2025/2026,https://www.tauronliga.pl/players/id/1784/nocookies/1/section/playersByTeam/tour/52.html
1285,Łukasz Kozub,Indykpol AZS Olsztyn,Rozgrywający,1997-11-03,186,86,320,2025/2026,https://www.tauronliga.pl/players/id/1285/nocookies/1/section/playersByTeam/tour/52.html
2169,Seweryn Lipiński,Indykpol AZS Olsztyn,Środkowy,2001-02-13,200,95,350,2025/2026,https://www.tauronliga.pl/players/id/2169/nocookies/1/section/playersByTeam/tour/52.html
816,Jakub Majchrzak,Indykpol AZS Olsztyn,Środkowy,2004-05-13,206,98,356,2025/2026,https://www.tauronliga.pl/players/id/816/nocookies/1/section/playersByTeam/tour/52.html
2238,Szymon Patecki,Indykpol AZS Olsztyn,Atakujący,2005-04-04,199,96,348,2025/2026,https://www.tauronliga.pl/players/id/2238/nocookies/1/section/playersByTeam/tour/52.html
1011,Kacper Sienkiewicz,Indykpol AZS Olsztyn,Przyjmujący,2005-04-11,202,75,345,2025/2026,https://www.tauronliga.pl/players/id/1011/nocookies/1/section/playersByTeam/tour/52.html
482,Dawid Siwczyk,Indykpol AZS Olsztyn,Środkowy,1993-06-13,197,103,371,2025/2026,https://www.tauronliga.pl/players/id/482/nocookies/1/section/playersByTeam/tour/52.html
2835,Arthur Szwarc,Indykpol AZS Olsztyn,Atakujący,1995-03-30,209,95,360,2025/2026,https://www.tauronliga.pl/players/id/2835/nocookies/1/section/playersByTeam/tour/52.html
2834,Johannes Tille,Indykpol AZS Olsztyn,Rozgrywający,1997-05-07,186,70,331,2025/2026,https://www.tauronliga.pl/players/id/2834/nocookies/1/section/playersByTeam/tour/52.html
888,Jay Blankenau,InPost ChKS Chełm,Rozgrywający,1989-09-27,194,92,330,2025/2026,https://www.tauronliga.pl/players/id/888/nocookies/1/section/playersByTeam/tour/52.html
2823,Amirhossein Esfandiar,InPost ChKS Chełm,Przyjmujący,1998-12-24,210,110,363,2025/2026,https://www.tauronliga.pl/players/id/2823/nocookies/1/section/playersByTeam/tour/52.html
2535,Rune Fasteland,InPost ChKS Chełm,Środkowy,1995-12-17,206,98,350,2025/2026,https://www.tauronliga.pl/players/id/2535/nocookies/1/section/playersByTeam/tour/52.html
903,Jędrzej Goss,InPost ChKS Chełm,Atakujący,1996-07-03,0,0,0,2025/2026,https://www.tauronliga.pl/players/id/903/nocookies/1/section/playersByTeam/tour/52.html
904,Jędrzej Gruszczyński,InPost ChKS Chełm,Libero,1997-11-13,186,84,335,2025/2026,https://www.tauronliga.pl/players/id/904/nocookies/1/section/playersByTeam/tour/52.html
671,Grzegorz Jacznik,InPost ChKS Chełm,Rozgrywający,1998-03-19,195,94,337,2025/2026,https://www.tauronliga.pl/players/id/671/nocookies/1/section/playersByTeam/tour/52.html
2093,Remigiusz Kapica,InPost ChKS Chełm,Atakujący,2000-09-28,200,97,352,2025/2026,https://www.tauronliga.pl/players/id/2093/nocookies/1/section/playersByTeam/tour/52.html
1290,Łukasz Łapszyński,InPost ChKS Chełm,Przyjmujący,1993-09-23,194,86,320,2025/2026,https://www.tauronliga.pl/players/id/1290/nocookies/1/section/playersByTeam/tour/52.html
1514,Mariusz Marcyniak,InPost ChKS Chełm,Środkowy,1992-03-05,206,103,346,2025/2026,https://www.tauronliga.pl/players/id/1514/nocookies/1/section/playersByTeam/tour/52.html
434,Daniel Ostaszewski,InPost ChKS Chełm,Libero,1993-01-04,184,78,334,2025/2026,https://www.tauronliga.pl/players/id/434/nocookies/1/section/playersByTeam/tour/52.html
2302,Tomasz Piotrowski,InPost ChKS Chełm,Przyjmujący,1997-09-02,198,87,344,2025/2026,https://www.tauronliga.pl/players/id/2302/nocookies/1/section/playersByTeam/tour/52.html
1946,Paweł Rusin,InPost ChKS Chełm,Przyjmujący,1992-03-05,182,78,340,2025/2026,https://www.tauronliga.pl/players/id/1946/nocookies/1/section/playersByTeam/tour/52.html
2845,Kazuma Sonae,InPost ChKS Chełm,Libero,1998-01-06,167,58,302,2025/2026,https://www.tauronliga.pl/players/id/2845/nocookies/1/section/playersByTeam/tour/52.html
1303,Łukasz Swodczyk,InPost ChKS Chełm,Środkowy,1990-06-01,195,88,348,2025/2026,https://www.tauronliga.pl/players/id/1303/nocookies/1/section/playersByTeam/tour/52.html
839,Jakub Turski,InPost ChKS Chełm,Środkowy,1998-09-06,202,94,360,2025/2026,https://www.tauronliga.pl/players/id/839/nocookies/1/section/playersByTeam/tour/52.html
1721,Michał Witkoś,InPost ChKS Chełm,Rozgrywający,1998-01-28,185,80,320,2025/2026,https://www.tauronliga.pl/players/id/1721/nocookies/1/section/playersByTeam/tour/52.html
2520,Anton Brehme,JSW Jastrzębski Węgiel,Środkowy,1999-08-10,206,99,362,2025/2026,https://www.tauronliga.pl/players/id/2520/nocookies/1/section/playersByTeam/tour/52.html
2805,Patryk Dudek,JSW Jastrzębski Węgiel,Środkowy,2007-12-24,200,82,346,2025/2026,https://www.tauronliga.pl/players/id/2805/nocookies/1/section/playersByTeam/tour/52.html
2803,Paweł Gemborys,JSW Jastrzębski Węgiel,Libero,2007-07-14,181,72,324,2025/2026,https://www.tauronliga.pl/players/id/2803/nocookies/1/section/playersByTeam/tour/52.html
1671,Michał Gierżot,JSW Jastrzębski Węgiel,Przyjmujący,2001-10-04,208,106,350,2025/2026,https://www.tauronliga.pl/players/id/1671/nocookies/1/section/playersByTeam/tour/52.html
1400,Maksymilian Granieczny,JSW Jastrzębski Węgiel,Libero,2005-07-07,180,76,308,2025/2026,https://www.tauronliga.pl/players/id/1400/nocookies/1/section/playersByTeam/tour/52.html
799,Jakub Jurczyk,JSW Jastrzębski Węgiel,Libero,2006-02-17,183,71,317,2025/2026,https://www.tauronliga.pl/players/id/799/nocookies/1/section/playersByTeam/tour/52.html
1280,Łukasz Kaczmarek,JSW Jastrzębski Węgiel,Atakujący,1994-06-29,204,110,357,2025/2026,https://www.tauronliga.pl/players/id/1280/nocookies/1/section/playersByTeam/tour/52.html
2801,Michał Kiersnowski,JSW Jastrzębski Węgiel,Atakujący,2007-03-16,197,87,342,2025/2026,https://www.tauronliga.pl/players/id/2801/nocookies/1/section/playersByTeam/tour/52.html
2802,Antoni Kocik,JSW Jastrzębski Węgiel,Przyjmujący,2007-03-11,196,78,350,2025/2026,https://www.tauronliga.pl/players/id/2802/nocookies/1/section/playersByTeam/tour/52.html
1598,Mateusz Kufka,JSW Jastrzębski Węgiel,Środkowy,2003-11-08,200,94,340,2025/2026,https://www.tauronliga.pl/players/id/1598/nocookies/1/section/playersByTeam/tour/52.html
1762,Miran Kujundžić,JSW Jastrzębski Węgiel,Przyjmujący,1997-06-19,196,87,348,2025/2026,https://www.tauronliga.pl/players/id/1762/nocookies/1/section/playersByTeam/tour/52.html
12,Adam Lorenc,JSW Jastrzębski Węgiel,Atakujący,1998-10-30,198,93,360,2025/2026,https://www.tauronliga.pl/players/id/12/nocookies/1/section/playersByTeam/tour/52.html
2804,Piotr Pilarz,JSW Jastrzębski Węgiel,Rozgrywający,2007-10-08,185,73,329,2025/2026,https://www.tauronliga.pl/players/id/2804/nocookies/1/section/playersByTeam/tour/52.html
42,Adrian Staszewski,JSW Jastrzębski Węgiel,Przyjmujący,1990-05-31,197,105,340,2025/2026,https://www.tauronliga.pl/players/id/42/nocookies/1/section/playersByTeam/tour/52.html
1826,Nicolas Szerszeń,JSW Jastrzębski Węgiel,Przyjmujący,1996-12-31,195,95,343,2025/2026,https://www.tauronliga.pl/players/id/1826/nocookies/1/section/playersByTeam/tour/52.html
341,Benjamin Toniutti,JSW Jastrzębski Węgiel,Rozgrywający,1989-10-30,183,76,320,2025/2026,https://www.tauronliga.pl/players/id/341/nocookies/1/section/playersByTeam/tour/52.html
941,Joshua Tuaniga,JSW Jastrzębski Węgiel,Rozgrywający,1997-03-18,190,102,342,2025/2026,https://www.tauronliga.pl/players/id/941/nocookies/1/section/playersByTeam/tour/52.html
1306,Łukasz Usowicz,JSW Jastrzębski Węgiel,Środkowy,1997-08-13,203,102,350,2025/2026,https://www.tauronliga.pl/players/id/1306/nocookies/1/section/playersByTeam/tour/52.html
937,Jordan Zaleszczyk,JSW Jastrzębski Węgiel,Środkowy,2002-04-23,205,110,360,2025/2026,https://www.tauronliga.pl/players/id/937/nocookies/1/section/playersByTeam/tour/52.html
423,Daniel Chiţigoi,PGE GiEK SKRA Bełchatów,Przyjmujący,2005-03-10,207,87,365,2025/2026,https://www.tauronliga.pl/players/id/423/nocookies/1/section/playersByTeam/tour/52.html
2455,Zouheir El Graoui,PGE GiEK SKRA Bełchatów,Przyjmujący,1994-07-01,197,90,345,2025/2026,https://www.tauronliga.pl/players/id/2455/nocookies/1/section/playersByTeam/tour/52.html
1399,Maksym Kędzierski,PGE GiEK SKRA Bełchatów,Libero,2003-03-13,183,73,332,2025/2026,https://www.tauronliga.pl/players/id/1399/nocookies/1/section/playersByTeam/tour/52.html
312,Bartosz Krzysiek,PGE GiEK SKRA Bełchatów,Atakujący,1990-02-19,208,105,369,2025/2026,https://www.tauronliga.pl/players/id/312/nocookies/1/section/playersByTeam/tour/52.html
1020,Kajetan Kubicki,PGE GiEK SKRA Bełchatów,Rozgrywający,2003-02-09,190,88,336,2025/2026,https://www.tauronliga.pl/players/id/1020/nocookies/1/section/playersByTeam/tour/52.html
279,Bartłomiej Lemański,PGE GiEK SKRA Bełchatów,Środkowy,1996-03-19,217,105,365,2025/2026,https://www.tauronliga.pl/players/id/279/nocookies/1/section/playersByTeam/tour/52.html
678,Grzegorz Łomacz,PGE GiEK SKRA Bełchatów,Rozgrywający,1987-10-01,187,81,336,2025/2026,https://www.tauronliga.pl/players/id/678/nocookies/1/section/playersByTeam/tour/52.html
2878,Mohammad Javad Manavinezhad,PGE GiEK SKRA Bełchatów,Przyjmujący,1995-11-27,200,90,383,2025/2026,https://www.tauronliga.pl/players/id/2878/nocookies/1/section/playersByTeam/tour/52.html
1606,Mateusz Nowak,PGE GiEK SKRA Bełchatów,Środkowy,2004-02-29,209,100,335,2025/2026,https://www.tauronliga.pl/players/id/1606/nocookies/1/section/playersByTeam/tour/52.html
2830,Aleksander Osiński,PGE GiEK SKRA Bełchatów,Rozgrywający,2008-05-09,180,75,319,2025/2026,https://www.tauronliga.pl/players/id/2830/nocookies/1/section/playersByTeam/tour/52.html
2844,Antoine Pothron,PGE GiEK SKRA Bełchatów,Przyjmujący,2002-03-05,197,88,349,2025/2026,https://www.tauronliga.pl/players/id/2844/nocookies/1/section/playersByTeam/tour/52.html
2828,Jakub Sokołowski,PGE GiEK SKRA Bełchatów,Atakujący,2007-05-05,195,85,243,2025/2026,https://www.tauronliga.pl/players/id/2828/nocookies/1/section/playersByTeam/tour/52.html
72,Alan Souza,PGE GiEK SKRA Bełchatów,Atakujący,1994-03-21,202,98,367,2025/2026,https://www.tauronliga.pl/players/id/72/nocookies/1/section/playersByTeam/tour/52.html
1713,Michał Szalacha,PGE GiEK SKRA Bełchatów,Środkowy,1994-01-15,202,97,355,2025/2026,https://www.tauronliga.pl/players/id/1713/nocookies/1/section/playersByTeam/tour/52.html
1054,Kamil Szymendera,PGE GiEK SKRA Bełchatów,Przyjmujący,2003-04-30,191,94,345,2025/2026,https://www.tauronliga.pl/players/id/1054/nocookies/1/section/playersByTeam/tour/52.html
1055,Kamil Szymura,PGE GiEK SKRA Bełchatów,Libero,1999-01-24,185,80,320,2025/2026,https://www.tauronliga.pl/players/id/1055/nocookies/1/section/playersByTeam/tour/52.html
2829,Filip Waszak,PGE GiEK SKRA Bełchatów,Przyjmujący,2007-11-16,193,80,340,2025/2026,https://www.tauronliga.pl/players/id/2829/nocookies/1/section/playersByTeam/tour/52.html
1309,Łukasz Wiśniewski,PGE GiEK SKRA Bełchatów,Środkowy,1989-02-03,198,104,343,2025/2026,https://www.tauronliga.pl/players/id/1309/nocookies/1/section/playersByTeam/tour/52.html
235,Arkadiusz Żakieta,PGE GiEK SKRA Bełchatów,Atakujący,1992-10-13,197,91,350,2025/2026,https://www.tauronliga.pl/players/id/235/nocookies/1/section/playersByTeam/tour/52.html
293,Bartosz Bednorz,PGE Projekt Warszawa,Przyjmujący,1994-07-25,201,93,360,2025/2026,https://www.tauronliga.pl/players/id/293/nocookies/1/section/playersByTeam/tour/52.html
855,Jan Firlej,PGE Projekt Warszawa,Rozgrywający,1996-09-26,188,84,330,2025/2026,https://www.tauronliga.pl/players/id/855/nocookies/1/section/playersByTeam/tour/52.html
302,Bartosz Firszt,PGE Projekt Warszawa,Przyjmujący,1999-03-19,198,93,342,2025/2026,https://www.tauronliga.pl/players/id/302/nocookies/1/section/playersByTeam/tour/52.html
305,Bartosz Gomułka,PGE Projekt Warszawa,Atakujący,2002-05-30,204,97,345,2025/2026,https://www.tauronliga.pl/players/id/305/nocookies/1/section/playersByTeam/tour/52.html
1078,Karol Kłos,PGE Projekt Warszawa,Środkowy,1989-08-08,201,87,360,2025/2026,https://www.tauronliga.pl/players/id/1078/nocookies/1/section/playersByTeam/tour/52.html
803,Jakub Kochanowski,PGE Projekt Warszawa,Środkowy,1997-07-17,199,83,346,2025/2026,https://www.tauronliga.pl/players/id/803/nocookies/1/section/playersByTeam/tour/52.html
362,Brandon Koppers,PGE Projekt Warszawa,Przyjmujący,1995-09-09,202,90,345,2025/2026,https://www.tauronliga.pl/players/id/362/nocookies/1/section/playersByTeam/tour/52.html
1687,Michał Kozłowski,PGE Projekt Warszawa,Rozgrywający,1985-02-16,191,88,325,2025/2026,https://www.tauronliga.pl/players/id/1687/nocookies/1/section/playersByTeam/tour/52.html
1339,Maciej Olenderek,PGE Projekt Warszawa,Libero,1992-10-16,178,80,0,2025/2026,https://www.tauronliga.pl/players/id/1339/nocookies/1/section/playersByTeam/tour/52.html
2443,Yurii Semeniuk,PGE Projekt Warszawa,Środkowy,1994-05-12,210,100,360,2025/2026,https://www.tauronliga.pl/players/id/2443/nocookies/1/section/playersByTeam/tour/52.html
834,Jakub Strulak,PGE Projekt Warszawa,Środkowy,2001-05-12,210,94,355,2025/2026,https://www.tauronliga.pl/players/id/834/nocookies/1/section/playersByTeam/tour/52.html
87,Aleksander Śliwka,PGE Projekt Warszawa,Przyjmujący,1995-05-24,196,90,352,2025/2026,https://www.tauronliga.pl/players/id/87/nocookies/1/section/playersByTeam/tour/52.html
1149,Kévin Tillie,PGE Projekt Warszawa,Przyjmujący,1990-11-02,200,85,345,2025/2026,https://www.tauronliga.pl/players/id/1149/nocookies/1/section/playersByTeam/tour/52.html
1260,Linus Weber,PGE Projekt Warszawa,Atakujący,1999-11-01,201,100,360,2025/2026,https://www.tauronliga.pl/players/id/1260/nocookies/1/section/playersByTeam/tour/52.html
419,Damian Wojtaszek,PGE Projekt Warszawa,Libero,1988-09-07,180,79,330,2025/2026,https://www.tauronliga.pl/players/id/419/nocookies/1/section/playersByTeam/tour/52.html
2151,Sebastian Adamczyk,Steam Hemarpol Politechnika Częstochowa,Środkowy,1999-02-28,208,101,351,2025/2026,https://www.tauronliga.pl/players/id/2151/nocookies/1/section/playersByTeam/tour/52.html
2824,Luciano De Cecco,Steam Hemarpol Politechnika Częstochowa,Rozgrywający,1988-11-02,194,89,332,2025/2026,https://www.tauronliga.pl/players/id/2824/nocookies/1/section/playersByTeam/tour/52.html
1745,Milad Ebadipour,Steam Hemarpol Politechnika Częstochowa,Przyjmujący,1993-10-17,196,93,348,2025/2026,https://www.tauronliga.pl/players/id/1745/nocookies/1/section/playersByTeam/tour/52.html
2582,Patrik Indra,Steam Hemarpol Politechnika Częstochowa,Atakujący,1997-12-08,201,93,357,2025/2026,https://www.tauronliga.pl/players/id/2582/nocookies/1/section/playersByTeam/tour/52.html
2843,Samuel Jeanlys,Steam Hemarpol Politechnika Częstochowa,Atakujący,1999-03-27,202,91,365,2025/2026,https://www.tauronliga.pl/players/id/2843/nocookies/1/section/playersByTeam/tour/52.html
802,Jakub Kiedos,Steam Hemarpol Politechnika Częstochowa,Przyjmujący,2006-11-23,204,95,348,2025/2026,https://www.tauronliga.pl/players/id/802/nocookies/1/section/playersByTeam/tour/52.html
2290,Tomasz Kowalski,Steam Hemarpol Politechnika Częstochowa,Rozgrywający,1991-06-12,204,97,340,2025/2026,https://www.tauronliga.pl/players/id/2290/nocookies/1/section/playersByTeam/tour/52.html
280,Bartłomiej Lipiński,Steam Hemarpol Politechnika Częstochowa,Przyjmujący,1996-11-16,201,102,350,2025/2026,https://www.tauronliga.pl/players/id/280/nocookies/1/section/playersByTeam/tour/52.html
316,Bartosz Makoś,Steam Hemarpol Politechnika Częstochowa,Libero,1998-08-01,176,79,315,2025/2026,https://www.tauronliga.pl/players/id/316/nocookies/1/section/playersByTeam/tour/52.html
1604,Mateusz Masłowski,Steam Hemarpol Politechnika Częstochowa,Libero,1997-06-13,185,80,333,2025/2026,https://www.tauronliga.pl/players/id/1604/nocookies/1/section/playersByTeam/tour/52.html
820,Jakub Nowak,Steam Hemarpol Politechnika Częstochowa,Środkowy,2005-06-11,204,92,355,2025/2026,https://www.tauronliga.pl/players/id/820/nocookies/1/section/playersByTeam/tour/52.html
2870,Bartłomiej Ostój,Steam Hemarpol Politechnika Częstochowa,Libero,2004-01-07,181,77,333,2025/2026,https://www.tauronliga.pl/players/id/2870/nocookies/1/section/playersByTeam/tour/52.html
436,Daniel Popiela,Steam Hemarpol Politechnika Częstochowa,Środkowy,2001-04-29,201,96,360,2025/2026,https://www.tauronliga.pl/players/id/436/nocookies/1/section/playersByTeam/tour/52.html
412,Damian Radziwon,Steam Hemarpol Politechnika Częstochowa,Środkowy,2002-11-05,201,97,350,2025/2026,https://www.tauronliga.pl/players/id/412/nocookies/1/section/playersByTeam/tour/52.html
251,Artur Sługocki,Steam Hemarpol Politechnika Częstochowa,Przyjmujący,1999-05-01,196,88,347,2025/2026,https://www.tauronliga.pl/players/id/251/nocookies/1/section/playersByTeam/tour/52.html
2826,Asparuh Asparuhov,Ślepsk Malow Suwałki,Przyjmujący,2000-07-28,200,87,355,2025/2026,https://www.tauronliga.pl/players/id/2826/nocookies/1/section/playersByTeam/tour/52.html
1029,Kamil Droszyński,Ślepsk Malow Suwałki,Rozgrywający,1997-01-28,190,86,337,2025/2026,https://www.tauronliga.pl/players/id/1029/nocookies/1/section/playersByTeam/tour/52.html
301,Bartosz Filipiak,Ślepsk Malow Suwałki,Atakujący,1994-02-27,197,95,350,2025/2026,https://www.tauronliga.pl/players/id/301/nocookies/1/section/playersByTeam/tour/52.html
929,Joaquin Gallego,Ślepsk Malow Suwałki,Środkowy,1996-11-21,204,102,352,2025/2026,https://www.tauronliga.pl/players/id/929/nocookies/1/section/playersByTeam/tour/52.html
2859,Marcin Grzeszczak,Ślepsk Malow Suwałki,Środkowy,2000-07-27,199,95,347,2025/2026,https://www.tauronliga.pl/players/id/2859/nocookies/1/section/playersByTeam/tour/52.html
2525,Henrique Dantas Nóbrega Honorato,Ślepsk Malow Suwałki,Przyjmujący,1997-03-18,190,85,335,2025/2026,https://www.tauronliga.pl/players/id/2525/nocookies/1/section/playersByTeam/tour/52.html
1077,Karol Jankiewicz,Ślepsk Malow Suwałki,Rozgrywający,1996-02-21,185,81,324,2025/2026,https://www.tauronliga.pl/players/id/1077/nocookies/1/section/playersByTeam/tour/52.html
811,Jakub Kubacki,Ślepsk Malow Suwałki,Libero,2005-09-20,176,72,291,2025/2026,https://www.tauronliga.pl/players/id/811/nocookies/1/section/playersByTeam/tour/52.html
221,Antoni Kwasigroch,Ślepsk Malow Suwałki,Przyjmujący,2002-01-27,192,82,345,2025/2026,https://www.tauronliga.pl/players/id/221/nocookies/1/section/playersByTeam/tour/52.html
815,Jakub Macyra,Ślepsk Malow Suwałki,Środkowy,1995-07-22,202,96,355,2025/2026,https://www.tauronliga.pl/players/id/815/nocookies/1/section/playersByTeam/tour/52.html
318,Bartosz Mariański,Ślepsk Malow Suwałki,Libero,1992-05-26,187,81,315,2025/2026,https://www.tauronliga.pl/players/id/318/nocookies/1/section/playersByTeam/tour/52.html
864,Jan Nowakowski,Ślepsk Malow Suwałki,Środkowy,1994-05-17,202,110,360,2025/2026,https://www.tauronliga.pl/players/id/864/nocookies/1/section/playersByTeam/tour/52.html
2833,Joachim Panou,Ślepsk Malow Suwałki,Przyjmujący,1997-08-27,197,95,350,2025/2026,https://www.tauronliga.pl/players/id/2833/nocookies/1/section/playersByTeam/tour/52.html
2869,Jakub Rząca,Ślepsk Malow Suwałki,Przyjmujący,2004-12-18,199,90,345,2025/2026,https://www.tauronliga.pl/players/id/2869/nocookies/1/section/playersByTeam/tour/52.html
462,David Smith,Ślepsk Malow Suwałki,Środkowy,1985-05-15,195,92,350,2025/2026,https://www.tauronliga.pl/players/id/462/nocookies/1/section/playersByTeam/tour/52.html
418,Damian Wierzbicki,Ślepsk Malow Suwałki,Atakujący,1992-10-25,198,97,347,2025/2026,https://www.tauronliga.pl/players/id/418/nocookies/1/section/playersByTeam/tour/52.html
1584,Mateusz Czunkiewicz,ZAKSA Kędzierzyn-Koźle,Libero,1996-12-16,185,77,331,2025/2026,https://www.tauronliga.pl/players/id/1584/nocookies/1/section/playersByTeam/tour/52.html
300,Bartosz Fijałek,ZAKSA Kędzierzyn-Koźle,Libero,2003-08-30,180,82,305,2025/2026,https://www.tauronliga.pl/players/id/300/nocookies/1/section/playersByTeam/tour/52.html
726,Igor Grobelny,ZAKSA Kędzierzyn-Koźle,Przyjmujący,1993-06-08,194,77,360,2025/2026,https://www.tauronliga.pl/players/id/726/nocookies/1/section/playersByTeam/tour/52.html
2581,Quinn Lester Isaacson,ZAKSA Kędzierzyn-Koźle,Rozgrywający,1999-02-19,190,86,341,2025/2026,https://www.tauronliga.pl/players/id/2581/nocookies/1/section/playersByTeam/tour/52.html
2233,Szymon Jakubiszak,ZAKSA Kędzierzyn-Koźle,Środkowy,1998-02-13,208,97,370,2025/2026,https://www.tauronliga.pl/players/id/2233/nocookies/1/section/playersByTeam/tour/52.html
2412,Wojciech Kraj,ZAKSA Kędzierzyn-Koźle,Środkowy,2000-04-02,210,103,350,2025/2026,https://www.tauronliga.pl/players/id/2412/nocookies/1/section/playersByTeam/tour/52.html
1455,Marcin Krawiecki,ZAKSA Kędzierzyn-Koźle,Rozgrywający,1998-07-21,188,78,326,2025/2026,https://www.tauronliga.pl/players/id/1455/nocookies/1/section/playersByTeam/tour/52.html
1614,Mateusz Rećko,ZAKSA Kędzierzyn-Koźle,Atakujący,1998-05-30,0,0,0,2025/2026,https://www.tauronliga.pl/players/id/1614/nocookies/1/section/playersByTeam/tour/52.html
2841,Kamil Rychlicki,ZAKSA Kędzierzyn-Koźle,Atakujący,1996-11-01,203,90,360,2025/2026,https://www.tauronliga.pl/players/id/2841/nocookies/1/section/playersByTeam/tour/52.html
1191,Konrad Stajer,ZAKSA Kędzierzyn-Koźle,Środkowy,1994-05-30,200,84,350,2025/2026,https://www.tauronliga.pl/players/id/1191/nocookies/1/section/playersByTeam/tour/52.html
837,Jakub Szymański,ZAKSA Kędzierzyn-Koźle,Przyjmujący,1998-03-25,200,82,355,2025/2026,https://www.tauronliga.pl/players/id/837/nocookies/1/section/playersByTeam/tour/52.html
2084,Rafał Szymura,ZAKSA Kędzierzyn-Koźle,Przyjmujący,1995-08-29,197,100,345,2025/2026,https://www.tauronliga.pl/players/id/2084/nocookies/1/section/playersByTeam/tour/52.html
1082,Karol Urbanowicz,ZAKSA Kędzierzyn-Koźle,Środkowy,2001-02-24,200,91,345,2025/2026,https://www.tauronliga.pl/players/id/1082/nocookies/1/section/playersByTeam/tour/52.html
334,Bartosz Zych,ZAKSA Kędzierzyn-Koźle,Przyjmujący,2006-07-15,206,88,355,2025/2026,https://www.tauronliga.pl/players/id/334/nocookies/1/section/playersByTeam/tour/52.html
